Workbook

Sheet Kosten
M2: AVG | O2: Let op: Fiscaal jaar loopt anders als boekjaar
B3: 2016 | C3: 2017 | D3: 2018 | E3: 2019 | F3: 2020 | G3: 2021 | H3: 2022 | I3: 2023 | J3: 2024 | K3: 2025
A4: Invesco MSCI World | B4: =Performance!C16 -> 0.075140983 | C4: =Performance!C15 -> 0.22412749 | D4: =Performance!C14 -> -0.086303878 | E4: =Performance!C13 -> 0.27917737 | F4: =Performance!C12 -> 0.16096312 | G4: =Performance!C11 -> 0.21934846 | H4: =Performance!C10 -> -0.18019401 | I4: =Performance!C9 -> 0.2396 | J4: =Performance!C8 -> 0.1876 | K4: =Performance!C7 -> 0.2117
A5: Gross index ($) | B5: 0.0815 | C5: 0.2307 | D5: -0.082 | E5: 0.284 | F5: 0.165 | G5: 0.2235 | H5: -0.1773 | I5: 0.2442 | J5: 0.1919 | K5: 0.216
A6: Diff | B6: =B5-B4 -> 0.0063590168 | C6: =C5-C4 -> 0.0065725065 | D6: =D5-D4 -> 0.0043038783 | E6: =E5-E4 -> 0.004822625 | F6: =F5-F4 -> 0.0040368754 | G6: =G5-G4 -> 0.0041515412 | H6: =H5-H4 -> 0.0028940112 | I6: =I5-I4 -> 0.0046 | ... K6: =K5-K4 -> 0.0043 | M6: =AVERAGE(D6:K6) -> 0.0041761164
A8: TER | D8: 0.0019 | E8: 0.0019 | F8: 0.0019 | G8: 0.0019 | H8: 0.0019 | I8: 0.0019 | J8: 0.0019 | K8: 0.0019
A9: Diff na kosten | D9: =D6-D8 -> 0.0024038783 | E9: =E6-E8 -> 0.002922625 | F9: =F6-F8 -> 0.0021368754 | G9: =G6-G8 -> 0.0022515412 | H9: =H6-H8 -> 0.0009940112 | I9: =I6-I8 -> 0.0027 | J9: =J6-J8 -> 0.0024 | K9: =K6-K8 -> 0.0024 | M9: =AVERAGE(D9:K9) -> 0.0022761164
A12: IWDA lek | B12: 0.0026 | C12: 2018-2025
A13: Invesco kosten buiten TER | B13: =M9 -> 0.0022761164 | D13: Sinds 2018 werkt de USA swap weer
A15: Diff na kosten te groot voor dividendlek, zou kleiner moeten zijn?

Sheet Performance
A2: MSCI World
A5: Date | B5: NAV | C5: Perf
A7: 2025 | C7: 0.2117
A8: 2024 | C8: 0.1876
A9: 2023 | C9: 0.2396
A10: 44925 | B10: 78.4433 | C10: =(B10-B11)/B11 -> -0.18019401
A11: 44561 | B11: 95.6852 | C11: =(B11-B12)/B12 -> 0.21934846
A12: 44196 | B12: 78.4724 | C12: =(B12-B13)/B13 -> 0.16096312
A13: 43830 | B13: 67.5925 | C13: =(B13-B14)/B14 -> 0.27917737
A14: 43465 | B14: 52.8406 | C14: =(B14-B15)/B15 -> -0.086303878
A15: 43098 | B15: 57.8317 | C15: =(B15-B16)/B16 -> 0.22412749
A16: 42734 | B16: 47.2432 | C16: =(B16-B17)/B17 -> 0.075140983
A17: 42369 | B17: 43.9414
