Workbook

Sheet Costs
O1: AVG | Q1: Cost lowerings
B2: 2014 | C2: 2015 | D2: 2016 | E2: 2017 | F2: 2018 | G2: 2019 | H2: 2020 | I2: 2021 | J2: 2022 | K2: 2023 | L2: 2024 | M2: 2025 | Q2: 43102 | R2: to 0,19% | S2: was 0,30%
A3: TER | B3: 0.003 | C3: 0.003 | D3: 0.003 | E3: 0.003 | F3: 0.0019 | G3: =((5/12)*0.19%)+((7/12)*0.05%) -> 0.0010833333 | H3: 0.0005 | I3: 0.0005 | J3: 0.0005 | K3: 0.0005 | L3: 0.0005 | M3: 0.0005 | Q3: 43613 | R3: to 0,05% | S3: was 0,19%
A4: Invesco MSCI USA | B4: =Performance!D15 -> 0.12684075 | C4: =Performance!D14 -> 0.0069956048 | D4: =Performance!D13 -> 0.10907266 | E4: =Performance!D12 -> 0.21178567 | F4: =Performance!D11 -> -0.046835068 | G4: =Performance!D10 -> 0.31472954 | H4: =Performance!D9 -> 0.21262193 | I4: =Performance!D8 -> 0.26859062 | J4: =Performance!D7 -> -0.19533402 | K4: =Performance!D6 -> 0.2695 | L4: =Performance!D5 -> 0.2494 | M4: =Performance!D4 -> 0.1761
A5: MSCI USA Gross | B5: 0.1336 | C5: 0.0132 | D5: 0.1161 | E5: 0.219 | F5: -0.045 | G5: 0.3164 | H5: 0.2137 | I5: 0.2697 | J5: -0.1946 | K5: 0.271 | L5: 0.2508 | M5: 0.1775
A6: Gross TD | B6: =B5-B4 -> 0.0067592537 | C6: =C5-C4 -> 0.0062043952 | D6: =D5-D4 -> 0.0070273418 | E6: =E5-E4 -> 0.0072143276 | F6: =F5-F4 -> 0.0018350682 | G6: =G5-G4 -> 0.0016704554 | H6: =H5-H4 -> 0.0010780733 | I6: =I5-I4 -> 0.0011093782 | ... M6: =M5-M4 -> 0.0014
A8: TD after costs | B8: =B6-B3 -> 0.0037592537 | C8: =C6-C3 -> 0.0032043952 | D8: =D6-D3 -> 0.0040273418 | E8: =E6-E3 -> 0.0042143276 | F8: =F6-F3 -> -6.4931847e-05 | G8: =G6-G3-G17 -> 0.00025193842 | H8: =H6-H3-H17 -> 0.00017456441 | I8: =I6-I3-I17 -> 0.00020937824 | J8: =J6-J3-J17 -> -6.5983703e-05 | K8: =K6-K3-K17 -> 0.0007 | L8: =L6-L3-L17 -> 0.0006 | M8: =M6-M3-M17-M19 -> -0.0001 | O8: =AVERAGE(F8:M8) -> 0.00021312069
A12: Fiscal year (1-12) | G12: 2019 | H12: 2020 | I12: 2021 | J12: 2022 | K12: 2023 | L12: 2024 | M12: 2025 | Q12: ! Fiscal year different from calendar year
A13: TER | G13: =((6/12)*0.19%)+((6/12)*0.05%) -> 0.0012 | H13: =H3 -> 0.0005 | I13: 0.0005 | J13: 0.0005 | K13: 0.0005 | L13: 0.0005 | M13: 0.0005 | Q13: 2018 can't find swap fee
A14: Operating expense | G14: 92199 | H14: 545356 | I14: 1308526 | J14: 1584473 | K14: 1722480 | L14: 2452597 | Q14: After 2021: can't find swap fee, got the number from the site
A15: Average AUM | F15: =F14/F3 -> 0 | G15: =G14/G13 -> 76832500 | H15: =H14/H13 -> 1090712000 | I15: =I14/I13 -> 2617052000 | J15: =J14/J13 -> 3168946000 | K15: =K14/K13 -> 3444960000 | L15: =L14/L13 -> 4905194000 | M15: =M14/M13 -> 0
A16: Swap fee | G16: 25753 | H16: 440112
A17: Swap fee | G17: =G16/G15 -> 0.00033518368 | H17: =H16/H15 -> 0.0004035089 | I17: 0.0004 | J17: 0.0003 | K17: 0.0003 | L17: 0.0003 | M17: 0.0003
A19: KIID Transaction costs | J19: ? | K19: ? | L19: ? | M19: 0.0007

Sheet Performance
B2: https://etf.invesco.com/nl/institutional/en/product/invesco-msci-usa-ucits-etf-acc/performance
B4: 2025 | D4: 0.1761
B5: 2024 | D5: 0.2494
B6: 2023 | D6: 0.2695
B7: 44925 | C7: 107.3731 | D7: =(C7-C8)/C8 -> -0.19533402
B8: 44561 | C8: 133.4381 | D8: =(C8-C9)/C9 -> 0.26859062
B9: 44196 | C9: 105.1861 | D9: =(C9-C10)/C10 -> 0.21262193
B10: 43830 | C10: 86.7427 | D10: =(C10-C11)/C11 -> 0.31472954
B11: 43465 | C11: 65.9776 | D11: =(C11-C12)/C12 -> -0.046835068
B12: 43098 | C12: 69.2195 | D12: =(C12-C13)/C13 -> 0.21178567
B13: 42734 | C13: 57.1219 | D13: =(C13-C14)/C14 -> 0.10907266
B14: 42369 | C14: 51.5042 | D14: =(C14-C15)/C15 -> 0.0069956048
B15: 42004 | C15: 51.1464 | D15: =(C15-C16)/C16 -> 0.12684075
B16: 41639 | C16: 45.3892 | D16: =(C16-C17)/C17 -> 0.31696886
B17: 41274 | C17: 34.4649 | D17: =(C17-C18)/C18 -> 0.14987255
B18: 40907 | C18: 29.9728
